step,epoch,train_loss_step
49,0,0.8720223307609558
99,0,0.7541252374649048
149,0,0.6736580729484558
