train_loss_step,step,epoch
1.0227853059768677,49,0
0.8927274942398071,99,0
0.7596533894538879,149,0
